x1,x2,label
1.177546,-3.168621,1
-3.187231,-1.179323,1
-0.824679,1.239299,1
-0.142157,-1.808407,1
2.399384,-4.386679,2
-0.897148,-1.963500,1
0.128521,-1.723134,1
-0.613109,1.220498,0
1.494192,0.095673,0
-4.167159,2.763111,2
0.197509,-2.112931,1
-4.059836,-2.918516,2
1.108220,-4.875638,2
3.368904,-0.581131,1
0.799268,-4.935704,2
4.495043,-2.189655,2
1.154668,2.986758,0
-2.616624,1.083201,0
3.663476,-1.166941,1
-3.745763,3.311987,2
-0.944664,3.853054,0
-2.977169,-0.425039,1
-2.458530,0.274341,0
-1.556652,-0.104104,1
-2.828573,2.549444,1
-4.611833,1.931579,2
-3.106890,3.917555,2
-1.148639,0.055871,0
-2.481804,-4.340582,2
2.828355,-4.123155,2
-1.424263,-1.947260,0
-1.146745,-2.936388,1
0.570165,3.345253,0
-3.796135,-0.861216,1
-1.917052,4.617890,2
-0.083643,-1.399632,1
2.957423,-1.150130,1
-2.777813,-0.361194,1
-2.819214,1.125982,0
3.850023,0.938137,0
-2.260130,-4.460024,2
-2.843225,-2.592019,0
-4.724224,1.637593,2
0.956072,2.147149,0
2.001933,0.909874,0
-0.705909,-4.949918,2
0.861351,-4.925249,2
0.879040,1.309603,1
2.509082,4.324871,2
2.795090,-2.470702,0
2.861883,-2.762006,0
2.827237,2.829599,1
-0.822140,3.757227,0
4.184473,-2.736821,2
2.828355,4.123155,2
-1.077502,4.882519,2
3.323762,3.735319,2
-1.741287,-4.686995,2
-1.431265,0.087570,0
-3.864950,0.981462,0
4.996433,-0.188828,2
4.998415,0.125902,2
2.321918,-1.807072,0
0.986036,0.636521,1
1.135822,-3.761069,1
-1.499017,2.025262,1
4.943032,0.752622,2
-3.729547,1.148385,0
-0.415346,0.007203,0
1.704161,-2.227369,0
-1.063673,-2.534704,1
2.521085,-0.290047,1
3.724838,-3.335503,2
-1.503112,4.768716,2
4.952116,-0.690323,2
0.861351,4.925249,2
1.226642,-0.063867,1
-3.015694,-1.158927,1
2.658719,-2.234246,0
-1.917052,-4.617890,2
-2.808149,2.499392,1
-4.635788,1.873357,2
0.130674,-0.220842,0
2.792732,2.465722,1
4.114231,2.841320,2
0.003749,0.299815,0
0.534002,-0.841314,0
-2.220366,0.219691,0
-2.626359,-1.085440,1
-3.585635,-0.696388,1
-0.138513,-0.078749,1
-3.485098,3.585260,2
-0.917044,0.477452,0
0.759632,-0.477636,0
0.110247,1.600417,0
-1.975045,4.593386,2
-0.722656,3.627099,0
-1.005412,-2.314329,1
2.765232,-1.115394,1
-2.986023,0.428077,0
-0.857017,-3.792305,1
4.999604,0.062956,2
2.153239,2.602593,1
-3.745763,-3.311987,2
2.836358,-2.571073,0
0.062099,-0.108868,1
-0.062847,-0.036539,0
2.382715,1.876179,1
0.361691,4.986901,2
1.013675,3.867219,0
-1.163308,-0.766995,0
0.482922,0.009744,0
-0.815509,1.729957,0
-1.113120,-3.802459,1
0.771431,-3.696294,1
2.146942,-2.598061,0
1.535434,1.060606,1
1.770760,4.675939,2
-2.590315,-4.276713,2
4.218601,-2.683916,2
-2.638749,2.204730,1
4.252060,2.630586,2
-1.087794,-1.568079,0
-4.587146,1.989494,2
2.780819,-2.856961,0
1.189440,-3.463518,1
2.673349,1.095997,0
1.412781,-4.796254,2
-3.347212,-3.714320,2
-2.862606,-2.675995,0
-0.188568,-2.067535,1
0.249844,0.148312,1
4.985738,0.377387,2
-2.056023,0.927434,0
2.622355,0.316774,0
-2.681576,2.269133,1
2.078079,-2.546993,0
-2.735466,2.865286,1
-3.070196,-0.457925,1
1.652456,4.719045,2
-4.983263,0.408769,2
1.121690,2.796951,0
3.752484,-0.817818,1
-0.332657,-0.542308,0
2.609029,2.162237,1
4.980591,-0.440134,2
0.469254,-0.899462,1
4.998415,-0.125902,2
1.636405,1.145532,1
1.919019,1.397726,1
-2.865748,2.715872,1
-3.703765,3.358888,2
-0.330288,-4.989079,2
0.033485,0.892149,0
-2.248810,-2.668362,0
-3.595185,-1.178962,1
2.613468,-2.168484,0
-1.138894,4.868565,2
0.938763,-0.037114,1
1.789584,2.306184,1
-2.792356,2.852589,1
-2.371719,4.401698,2
0.317085,-0.176721,1
0.388682,-0.234337,0
0.566975,-3.338271,1
-3.686257,-0.763884,1
3.724838,3.335503,2
4.898873,-1.000524,2
1.054002,-2.495885,1
-1.274594,-0.851849,0
1.141075,-2.902555,1
-4.977721,0.471482,2
4.773424,1.488093,2
2.568820,1.071953,0
1.181182,3.577774,0
1.782377,-2.299661,0
-0.975315,2.210665,0
-1.893236,2.397377,1
2.343960,-4.416543,2
2.865522,-2.731120,0
-0.947328,-3.854215,1
-0.705909,4.949918,2
0.960156,3.859170,0
3.749120,0.814799,0
-2.814917,2.839896,1
-0.357036,-2.763886,1
-1.004595,0.042570,0
-0.455810,-4.979180,2
0.424453,4.981951,2
-1.794768,1.284006,1
-4.394211,-2.385563,2
-0.929292,-0.483142,1
3.888040,3.143747,2
-4.724224,-1.637593,2
2.286848,-0.234163,1
-3.733126,-1.147108,1
3.028578,0.442944,0
-1.739811,2.260654,1
0.044246,-1.023933,1
2.849174,2.612273,1
-1.900214,-2.403336,0
4.713820,1.667303,2
-4.659009,-1.814839,2
-4.800677,1.397676,2
0.458934,0.732189,1
-0.099848,1.525481,0
0.638102,1.279281,0
-0.712140,0.021260,0
0.674731,4.954265,2
-4.916895,-0.907824,2
0.045433,1.037395,0
-4.817895,1.337119,2
4.809382,1.367424,2
2.755338,2.863085,1
-1.814082,0.845756,0
-0.455810,4.979180,2
-0.704641,0.440277,1
3.507601,-3.563248,2
2.783254,2.856134,1
1.940857,2.437571,1
1.927280,-1.405461,0
3.032348,-3.975533,2
-2.046127,-2.522397,0
-1.967344,2.459446,1
0.236004,4.994427,2
2.096868,-1.569669,0
2.563803,-2.100348,0
0.197913,0.111778,0
-2.749980,4.175837,2
-0.257443,0.144439,0
1.070113,0.048386,0
-1.974149,-2.465009,0
3.682544,3.382139,2
-1.838364,0.147134,0
3.810738,1.107275,0
4.857592,1.184819,2
-0.556208,1.090179,0
4.284845,-2.576839,2
-0.204556,4.995814,2
5.000000,-0.000000,2
1.295229,-1.807263,0
0.713117,-0.380089,1
-3.768658,-1.132286,1
0.878628,1.908633,0
-1.284817,0.859764,1
-0.999573,3.867252,0
2.805182,-2.846169,0
0.371208,2.810851,0
-2.520358,-1.060129,1
3.032348,3.975533,2
4.670342,1.785471,2
2.350354,1.015480,0
3.965968,3.044848,2
-0.845396,-0.030037,1
-4.332748,-2.495455,2
2.007038,-2.491565,0
2.397686,-2.758023,0
4.734440,-1.607818,2
0.280818,2.484615,0
-1.171800,-3.114947,1
-1.161779,3.035959,0
-0.021600,0.037570,0
-0.551463,3.303655,0
-1.131794,2.850302,0
1.186184,-3.525646,1
-2.371423,-2.743483,0
-4.991976,-0.283158,2
-4.997523,-0.157368,2
-3.529965,3.541094,2
3.293261,-0.546901,1
1.352278,-4.813662,2
3.082165,-3.937037,2
0.310017,2.597338,0
-3.057317,-3.956364,2
-2.858083,2.777265,1
-2.847854,2.802157,1
-1.138894,-4.868565,2
-0.251944,-0.002647,1
-3.472096,1.189144,0
0.524091,1.018616,0
-0.164665,-1.939443,1
2.458531,2.789280,1
2.817966,-2.522484,0
2.854883,2.786688,1
-0.420689,-2.964398,1
0.587609,-1.161514,1
-1.145244,-3.738180,1
1.083148,3.837310,0
-0.052703,-1.116127,1
-0.213795,-2.192491,1
4.974654,-0.502811,2
-1.188544,-3.486459,1
0.541747,0.852420,1
-2.854257,-4.105267,2
1.083527,-0.049625,1
0.580997,-0.314350,1
0.060864,0.104205,1
-2.184409,-0.967434,1
2.732672,2.352546,1
-1.692650,-0.123835,1
-0.792577,-3.723095,1
-4.938195,-0.783727,2
3.367640,-1.189876,1
-2.677776,-2.263244,0
0.638854,3.484603,0
3.965968,-3.044848,2
-3.095515,1.169501,0
1.189620,3.457488,0
4.791783,-1.427872,2
-0.789513,3.719333,0
-0.102053,-0.000434,1
-0.269683,-0.151099,1
-2.828303,-1.127703,1
-0.654422,3.513332,0
1.506876,0.730876,0
-2.622137,2.851806,1
-2.905721,4.069003,2
-3.842880,-1.076428,1
0.882477,-1.919937,1
3.216355,-1.181868,1
3.861213,0.966479,0
-0.401377,-0.221600,1
-0.814197,-0.515172,0
-4.995145,0.220281,2
3.047805,-1.163394,1
2.933502,0.410322,0
3.861969,-0.969058,1
-0.581044,4.966124,2
-1.189482,-3.351393,1
0.786207,-1.188777,0
-0.008069,-0.004655,1
-1.002737,-1.464941,0
-3.334912,1.188958,0
-3.300179,3.756171,2
-3.768178,0.832436,0
1.624543,-2.151042,0
-3.300179,-3.756171,2
0.014954,0.597803,0
-0.173317,-0.290641,0
0.333721,0.004647,0
2.864831,-2.696479,0
-2.140544,1.613808,1
-3.328178,0.562400,0
1.172635,-3.635158,1
3.462457,3.607130,2
-4.452887,-2.274159,2
1.758094,0.825729,0
4.960416,-0.627915,2
4.999604,-0.062956,2
1.188588,-3.325091,1
2.560343,2.832580,1
-4.927936,-0.845843,2
1.186589,3.520065,0
-0.909693,1.348693,1
3.849806,1.066606,0
-0.082055,1.386608,0
-2.879661,-0.392762,1
-1.588021,-2.115127,0
-3.798746,0.864134,0
0.535996,3.268021,0
2.670623,-4.227029,2
-0.825145,-3.760474,1
-2.802341,4.140880,2
1.213391,0.062469,0
-1.576168,-0.757842,1
-0.027704,0.812175,0
2.338993,-2.724731,0
-3.242280,-0.525118,1
0.074523,1.322930,0
0.514104,-0.314354,0
-4.332748,2.495455,2
-4.703230,-1.696947,2
-3.946720,-3.069756,2
-2.208938,-0.217261,1
-1.060089,0.690348,1
0.377009,0.609927,1
3.442635,1.189970,0
-1.277763,-0.069416,1
2.872112,1.135744,0
-4.235414,-2.657304,2
1.946087,4.605730,2
-0.918221,-3.839196,1
-0.078694,-4.999381,2
1.386616,1.907112,1
0.707274,3.603174,0
-2.577316,2.838477,1
2.807249,2.844950,1
2.461094,1.045114,0
-3.347212,3.714320,2
4.898873,1.000524,2
-0.088518,-0.156000,1
-4.300984,2.549812,2
2.841833,-2.812134,0
0.774523,3.700335,0
-0.486833,-3.147069,1
-2.365957,2.740383,1
-1.173785,0.774883,1
-2.534807,-2.062158,0
2.013965,-1.488053,0
3.370530,3.693173,2
-2.283629,-1.764775,0
-1.051246,-3.858058,1
1.061569,3.852842,0
-0.663407,-1.023188,0
-3.855593,1.056448,0
2.563338,4.292936,2
-2.173588,0.964155,0
-0.854082,3.789576,0
-1.580491,2.107652,1
0.059126,1.181061,0
4.713820,-1.667303,2
0.549767,4.969684,2
-0.414038,-0.665606,0
-1.112680,2.751875,0
-1.189659,3.358094,0
2.931281,-4.050629,2
0.959409,-2.158023,1
2.606378,2.847516,1
-0.393080,-4.984525,2
-4.782698,-1.458012,2
4.548754,2.075773,2
-0.305407,0.563344,0
1.778310,-0.137255,1
-1.591022,-1.107054,0
-2.426954,-4.371487,2
1.051444,2.485788,0
3.131492,-3.897917,2
2.451400,-1.957552,0
-3.821637,-0.892162,1
0.996878,-0.644343,0
-2.423355,2.771640,1
-1.002004,-3.867365,1
2.865641,2.728052,1
-4.481168,-2.217911,2
-0.204556,-4.995814,2
-4.892476,-1.031346,2
-3.985059,-3.019819,2
-3.590169,1.179633,0
-1.947380,-0.891750,1
1.441125,-0.983439,0
4.993659,0.251725,2
-0.662584,-1.337844,1
3.552189,-3.518800,2
-4.997523,0.157368,2
3.323762,-3.735319,2
-1.158297,-3.698069,1
4.985738,-0.377387,2
2.450906,-1.042473,1
2.120581,0.947847,0
1.111963,-0.728627,0
-3.643309,0.733464,0
-4.999901,0.031479,2
-1.048327,0.537500,0
-0.011158,0.516655,0
-2.447760,-0.271696,1
-3.574272,3.496367,2
-0.006075,-0.381508,1
3.127292,-0.479235,1
1.183842,3.241737,0
1.473060,-4.778085,2
-1.449062,-0.707916,1
-3.007259,3.994545,2
-2.067072,-0.930970,1
0.746751,-1.547479,1
0.498951,-3.177999,1
4.316951,2.522683,2
-4.535596,-2.104370,2
-2.288621,0.998103,0
2.723635,4.193067,2
0.923298,-4.914013,2
2.283379,2.690666,1
0.604487,3.417481,0
-0.323580,2.647168,0
-2.729066,-1.107961,1
-2.854257,4.105267,2
-2.802341,-4.140880,2
3.866774,0.993603,0
-2.536260,-4.308989,2
-4.999108,-0.094431,2
0.468556,3.098982,0
2.663755,-1.093876,1
-2.753835,2.390009,1
2.509082,-4.324871,2
1.169522,4.861298,2
4.911082,-0.938762,2
0.337331,-2.696176,1
-3.574272,-3.496367,2
-3.946720,3.069756,2
-3.057317,3.956364,2
2.982051,4.013399,2
-3.638647,-0.730321,1
4.184473,2.736821,2
1.038377,3.862823,0
0.236004,-4.994427,2
-4.817895,-1.337119,2
0.631387,0.016690,0
4.467116,2.246079,2
3.835008,-0.911474,1
1.155937,-2.995224,1
-0.167249,0.299502,0
-1.600396,1.114961,1
-2.305740,2.704641,1
2.654693,2.228226,1
-3.179614,1.178609,0
0.403013,2.911326,0
0.737058,4.945376,2
-3.166603,0.494452,0
1.101242,-3.818460,1
-0.011766,-0.530498,1
-2.210415,-1.686227,0
-4.561733,2.047095,2
-3.103521,-1.170462,1
2.684624,-2.863688,0
-3.641758,1.171406,0
2.175494,4.501913,2
1.190211,3.390158,0
0.376922,0.226948,1
1.190261,-3.396625,1
3.504979,-0.649837,1
-3.463696,-0.627864,1
0.794103,1.199198,1
-0.518468,4.973046,2
-3.827973,3.216617,2
2.862404,2.759291,1
-2.716560,-2.325298,0
4.980591,0.440134,2
-3.796254,1.117148,0
0.549767,-4.969684,2
-0.457434,0.277923,1
4.149681,-2.789292,2
1.643933,-0.116548,1
1.711744,-4.697865,2
-4.096262,2.867166,2
-3.478025,-1.188913,1
-3.204551,-3.838080,2
-4.834349,1.276350,2
-1.741287,4.686995,2
0.465456,-3.090651,1
2.003924,4.580861,2
0.931554,3.846703,0
-1.569419,0.105876,0
3.709975,0.782032,0
0.278151,-2.473924,1
-0.768799,1.604778,0
0.957542,-3.858247,1
2.388763,-1.883196,0
-0.991101,-0.041420,1
-0.688655,3.572873,0
-0.785270,0.415107,0
-2.834958,-2.821284,0
4.826218,1.306760,2
1.101061,2.696585,0
4.933163,-0.814801,2
-0.244957,0.405531,1
-4.268537,-2.603764,2
3.766541,-3.288339,2
-3.868171,-3.168163,2
-0.406417,0.654203,1
-0.691832,-3.578148,1
-2.109583,2.570692,1
3.506300,1.187487,0
2.880046,4.087216,2
-3.259460,1.185080,0
-0.607913,-1.208400,1
4.348373,2.468128,2
-4.611833,-1.931579,2
-2.848984,-2.800006,0
-0.768178,4.940638,2
0.173099,4.997003,2
-0.450421,3.049505,0
2.343960,4.416543,2
-2.826860,-2.544919,0
0.496782,-0.010313,1
0.400661,0.755348,0
0.054975,-0.031546,1
-2.217403,1.693602,1
1.869672,-0.865228,1
1.412781,4.796254,2
2.405787,-0.261552,1
-3.765574,1.133751,0
2.454427,4.356121,2
4.348373,-2.468128,2
-3.249826,0.528282,0
4.885886,1.062127,2
-0.832587,-1.249604,0
-4.763961,-1.518116,2
3.082165,3.937037,2
-0.620072,3.448555,0
2.250933,-1.729338,0
1.354822,0.078247,0
-0.855562,-1.841928,1
2.226074,-0.979893,1
3.746541,-1.141999,1
-1.622714,-4.729355,2
-1.563037,-4.749412,2
-0.018520,0.664921,0
1.887941,4.629868,2
4.495043,2.189655,2
-0.570423,-0.351016,0
3.507601,3.563248,2
-4.977721,-0.471482,2
-1.066113,2.544670,0
2.563338,-4.292936,2
1.167065,3.075871,0
-0.267443,4.992842,2
-0.811272,-1.718373,1
1.169522,-4.861298,2
-1.682134,4.708548,2
0.150102,-1.855949,1
-4.423900,2.330046,2
1.533105,-4.759159,2
-2.483833,1.997391,1
0.307256,-2.587005,1
4.438481,2.302148,2
3.713853,-0.785108,1
-3.401549,0.596698,0
0.347640,-0.005043,1
4.041381,-2.944017,2
-3.618012,3.451085,2
1.303045,1.815935,1
-1.079881,1.558608,1
-0.975292,-3.863604,1
-2.358970,1.848888,1
4.379105,-2.413181,2
-2.478398,-1.990645,0
-0.074900,0.043605,1
-2.888926,0.395739,0
-0.655574,1.012397,1
-3.787168,3.264560,2
-1.682134,-4.708548,2
2.061444,4.555266,2
4.885886,-1.062127,2
0.804385,-3.737200,1
0.296109,0.485812,1
0.742156,1.535673,0
-0.000280,-0.082011,1
3.667805,1.165969,0
0.197968,-0.001634,1
-4.971390,0.534120,2
-4.988015,0.345991,2
-4.947672,0.721487,2
-0.252373,-0.417258,0
0.635655,-3.478571,1
-0.665520,-0.356647,1
4.467116,-2.246079,2
-2.855131,-2.635750,0
0.601288,-3.410969,1
-3.394930,-0.593499,1
2.617188,4.260320,2
-0.015739,-4.999975,2
-0.325132,0.530735,1
-1.261125,-4.838343,2
-4.132038,-2.815362,2
-2.856014,2.639646,1
-1.786021,-1.276178,0
-4.096262,-2.867166,2
-3.841528,-0.922172,1
4.826218,-1.306760,2
1.645642,-1.153426,0
1.103099,-2.706078,1
-0.623272,-3.454806,1
-3.855795,-0.951133,1
1.176777,3.160914,0
-4.782698,1.458012,2
-3.533580,1.185569,0
-0.126332,0.071921,0
1.150186,-3.724333,1
2.942544,-0.413333,1
-1.168304,3.657186,0
-2.858821,-2.774747,0
4.522257,-2.132883,2
-2.864406,-2.745596,0
4.574530,2.018335,2
0.432445,-2.998658,1
3.848476,-1.068651,1
1.495027,-0.726204,1
-1.442949,-4.787264,2
-3.155971,3.878125,2
0.400021,-2.902153,1
1.041323,-1.512096,0
1.025262,-2.386089,1
1.592907,4.739478,2
0.879378,-0.560631,0
-4.999108,0.094431,2
-2.299197,-1.001122,1
-1.622714,4.729355,2
4.842289,-1.245888,2
-3.252623,3.797426,2
3.276466,-3.776873,2
-3.266674,-1.185550,1
3.301252,1.187518,0
1.765908,0.135263,0
4.599581,-1.960576,2
-2.539839,2.068711,1
0.899052,-3.826639,1
-2.749980,-4.175837,2
-4.681490,1.756032,2
-0.518468,-4.973046,2
0.298871,-4.991060,2
2.558920,-1.069571,1
-1.073569,-3.845039,1
0.341755,-0.635564,1
4.933163,0.814801,2
4.872126,-1.123562,2
-3.821520,1.098668,0
1.163522,3.678159,0
4.003992,-2.994670,2
0.928833,-3.845256,1
0.691404,1.408115,0
-2.719646,1.105981,0
0.839913,-1.797627,1
2.089310,1.562115,1
-0.657617,-3.519098,1
-2.133186,-1.606313,0
-4.587146,-1.989494,2
3.807646,-3.240653,2
-1.190249,-3.421269,1
3.433150,0.612279,0
-0.859022,0.031022,0
2.880046,-4.087216,2
-0.581943,0.358573,1
0.778890,0.025463,0
-0.230873,-0.419000,1
4.438481,-2.302148,2
-0.943888,0.606305,1
-2.400929,1.029264,0
-4.744468,1.577980,2
-0.797556,-0.421007,1
1.352278,4.813662,2
1.473060,4.778085,2
-1.130131,-2.841290,1
-4.947672,-0.721487,2
3.552189,3.518800,2
-1.956731,-0.167779,1
0.055235,0.096703,0
-2.417691,-1.917140,0
-1.094226,-3.826490,1
-2.482716,-2.800670,0
-1.135296,-0.054559,1
-0.693297,-0.432628,0
2.834834,2.566686,1
-1.190194,3.427539,0
2.453487,-2.786826,0
0.047218,4.999777,2
4.974654,0.502811,2
-0.550347,-0.012666,1
-4.508739,2.161312,2
0.976646,-0.504970,1
2.315481,1.799899,1
4.734440,1.607818,2
0.424453,-4.981951,2
-1.164747,1.658844,1
-2.147108,-4.515521,2
-3.864837,-1.030636,1
-0.299153,-0.551041,1
-0.453500,-3.058032,1
-1.660809,2.186146,1
-4.423900,-2.330046,2
-0.759426,-3.680211,1
-2.330113,-0.243899,1
-1.383075,-0.936913,0
-1.088610,-2.640275,1
2.649006,2.858002,1
-0.326389,-2.657300,1
-2.915157,1.143219,0
3.276466,3.776873,2
-3.843094,0.924914,0
-2.681823,0.333260,0
0.073019,-1.309801,1
-1.699273,1.199696,1
-3.412202,-1.190291,1
3.861048,1.043771,0
3.499101,0.646641,0
0.725414,0.386101,0
2.602233,-2.846314,0
-2.844521,2.596235,1
-2.242844,2.664429,1
-0.019393,-0.033466,0
3.848148,-3.192453,2
4.943032,-0.752622,2
-0.000193,0.068040,1
4.623902,-1.902506,2
3.439509,-0.615480,1
3.596213,3.473795,2
-0.385539,2.856945,0
4.284845,2.576839,2
0.185703,-0.105025,1
3.927315,3.094543,2
-2.956725,-4.032094,2
3.436464,-1.190077,1
-0.445754,-0.270472,0
2.038762,-0.183030,1
-0.141636,-4.997994,2
2.695916,2.291710,1
-0.830326,-4.930574,2
-1.060520,-0.542972,1
-2.059752,1.532792,1
-2.203794,4.488128,2
0.985098,4.901998,2
0.617500,-0.959551,0
-0.078694,4.999381,2
-1.178913,0.595174,0
2.118637,-4.528949,2
-1.826077,-0.145081,1
1.077649,2.592805,0
-0.001981,0.217986,1
-0.237755,2.302943,0
-2.260130,4.460024,2
-1.858755,-4.641662,2
0.463516,0.887203,0
-0.483710,3.138975,0
-1.200105,4.853839,2
3.807646,3.240653,2
-1.092376,3.828450,0
4.409143,2.357851,2
1.378865,-1.898774,0
-1.382557,4.805053,2
1.210988,-1.712230,0
3.596213,-3.473795,2
1.334243,-0.898325,0
2.776215,4.158441,2
2.504512,2.023328,1
-1.320613,-0.655424,1
-4.971390,-0.534120,2
-2.529163,2.820682,1
1.544972,-1.068524,0
-0.038684,0.958191,0
-0.267918,-2.432253,1
1.059476,-3.854006,1
4.647491,-1.844134,2
0.008426,0.449152,0
1.621599,-0.775193,1
1.237839,-0.620526,1
-0.211392,2.180993,0
-4.927936,0.845843,2
-1.177966,-3.602307,1
-1.690206,-1.191821,0
0.918724,2.029037,0
2.859764,-2.658185,0
0.836715,-3.772584,1
1.046742,4.889206,2
4.754309,-1.548078,2
4.996433,0.188828,2
-4.481168,2.217911,2
0.252667,2.368134,0
3.639667,-3.428239,2
-0.588912,-3.385357,1
-0.521090,0.283850,0
-4.268537,2.603764,2
0.626372,0.387898,1
-2.787477,0.364101,0
-3.439679,-3.628858,2
0.000938,0.150022,0
3.860237,-1.045964,1
0.128155,0.227663,0
2.003924,-4.580861,2
1.836921,-1.322053,0
3.618991,1.175416,0
-2.581632,-2.839906,0
-4.561733,-2.047095,2
2.232006,-4.474164,2
-4.964270,-0.596673,2
-1.186600,3.284077,0
0.152185,1.868176,0
3.620164,-0.718131,1
0.034021,0.000048,0
0.274783,-0.503443,1
-1.690106,0.800858,0
-1.180964,3.205621,0
-2.794625,-2.851584,0
3.780152,-1.126461,1
-0.191776,-0.113108,0
-2.341220,0.246440,0
2.344577,2.728021,1
-0.296653,-2.546702,1
-0.162509,1.927362,0
-2.032725,-4.568154,2
3.782730,0.846906,0
-2.738455,-2.865075,0
1.711506,2.234272,1
-4.300984,-2.549812,2
4.791783,1.427872,2
-3.867436,1.007875,0
-2.090082,4.542197,2
0.461210,0.252930,0
-3.532949,0.665389,0
2.152878,0.205587,0
0.737058,-4.945376,2
2.510507,0.287349,0
-1.878342,-1.359964,0
0.871122,-1.299441,0
0.053765,-0.092176,0
-0.401452,-0.006728,1
-1.015940,4.895699,2
-1.169230,-3.652748,1
4.922513,0.876851,2
-2.864067,2.748473,1
2.013742,2.496910,1
0.799268,4.935704,2
-4.983263,-0.408769,2
-4.956364,0.659132,2
1.151420,3.720643,0
-1.382557,-4.805053,2
-2.663509,2.860695,1
-4.905074,0.969662,2
4.599581,1.960576,2
2.720444,-2.865774,0
3.833021,1.087807,0
1.379010,0.679541,0
3.416765,-3.650441,2
1.990767,-0.906198,1
0.067115,0.038461,0
-1.111437,3.804927,0
0.130468,1.735615,0
-0.936001,-2.082889,1
2.816025,2.517795,1
0.057778,-1.167756,1
4.952116,0.690323,2
3.141998,1.174809,0
-3.985059,3.019819,2
-1.172633,-1.668010,0
-3.590798,0.699560,0
1.652456,-4.719045,2
1.079947,-2.602609,1
-0.237315,0.431286,0
2.006051,1.480401,1
-4.864955,1.154214,2
-4.703230,1.696947,2
3.374244,1.190000,0
-0.371430,0.695470,0
-1.705187,0.125750,0
-0.747801,-1.137703,0
0.199258,0.359211,0
-0.067333,-1.258837,1
-0.331297,0.198461,1
0.487149,-4.976212,2
-3.728408,-0.796964,1
2.084586,2.551933,1
1.734078,1.230132,1
1.909986,-0.159437,1
-4.022766,2.969402,2
1.162485,-3.682335,1
1.119800,0.569321,0
-1.975045,-4.593386,2
-2.316108,4.431212,2
1.214108,0.805436,1
4.967929,0.565408,2
3.813093,-0.881114,1
3.665342,0.748719,0
0.487149,4.976212,2
3.500575,-1.187820,1
4.316951,-2.522683,2
1.946087,-4.605730,2
0.871209,3.804900,0
-3.907755,3.119207,2
-2.768476,-2.860462,0
1.121080,3.789770,0
-0.579553,-0.906220,0
-2.311463,-2.708159,0
1.551259,2.078409,1
2.232006,4.474164,2
1.859033,-2.367838,0
-0.014651,-0.025448,1
-3.321091,-0.559214,1
-3.867442,-1.005472,1
-0.550786,-1.078002,1
0.593302,0.320561,0
1.897843,0.157311,0
-2.719944,2.330940,1
4.574530,-2.018335,2
-3.393715,3.671880,2
1.711744,4.697865,2
1.137244,3.757872,0
1.218854,1.721224,1
-2.586867,-2.131528,0
-0.116021,0.000561,0
3.180324,-3.858179,2
-1.049371,-0.682499,0
-0.088455,0.150664,1
-0.892342,4.919728,2
0.790308,1.661749,0
3.766541,3.288339,2
0.922319,-2.040135,1
2.843455,-0.381301,1
-4.864955,-1.154214,2
-4.132038,2.815362,2
-1.257097,-1.764600,0
0.173099,-4.997003,2
0.089923,-1.449853,1
1.249915,0.625669,0
0.435496,3.007417,0
-0.012375,0.021383,1
-4.879103,-1.092867,2
3.669729,-0.751841,1
2.617188,-4.260320,2
1.101353,0.720759,1
0.868319,0.552871,1
-2.316108,-4.431212,2
2.688114,2.864067,1
3.559837,0.680910,0
0.956212,-1.407263,0
0.137909,0.232762,1
-0.065899,1.245626,0
4.809382,-1.367424,2
-1.333238,1.849201,1
-2.765843,2.861072,1
2.061444,-4.555266,2
-4.167159,-2.763111,2
2.109633,-0.944427,1
-2.096147,0.194174,0
0.225650,2.248067,0
-4.995145,-0.220281,2
-1.564395,0.753303,0
-0.859549,1.853336,0
-2.423524,1.924065,1
-4.879103,1.092867,2
-1.128650,3.775972,0
-4.800677,-1.397676,2
4.003992,2.994670,2
4.990094,-0.314581,2
-4.363825,2.440703,2
-4.850037,-1.215378,2
-0.520583,-3.231380,1
-0.393080,4.984525,2
-1.668223,-2.193254,0
-1.077502,-4.882519,2
2.767724,-2.415855,0
0.133455,-0.078202,0
-2.590315,4.276713,2
-1.824478,-2.337438,0
-0.830326,4.930574,2
1.461735,-1.986646,0
0.807423,3.740729,0
-0.005639,0.367601,1
4.692453,1.726524,2
-2.626137,-2.852821,0
4.623902,1.902506,2
1.046742,-4.889206,2
-0.517426,3.223732,0
2.699527,-2.297489,0
-3.529965,-3.541094,2
-0.101586,-1.538298,1
-1.035940,-2.425994,1
-2.561704,-0.300569,1
-2.750869,-2.384628,0
1.081210,-3.838990,1
-0.365372,-0.683170,1
-2.780690,-2.441096,0
1.367038,-0.674631,1
-0.028651,-0.825827,1
-1.975121,1.450713,1
1.632012,2.158318,1
0.990650,2.262772,0
-2.183607,-2.624115,0
-1.025057,3.865919,0
-3.703765,-3.358888,2
-1.701727,-0.805152,1
-1.249252,1.755750,1
3.204936,0.509749,0
1.367890,-0.079801,1
3.851303,-0.940825,1
0.261736,-0.155578,0
-3.106890,-3.917555,2
2.403006,2.760895,1
-0.019298,-0.678680,1
-0.643527,-4.958414,2
0.110167,4.998786,2
2.213480,-2.644728,0
1.134201,1.623103,1
3.833205,0.908687,0
1.770760,-4.675939,2
-1.186185,-3.276957,1
0.645166,-0.017430,1
-3.539057,-1.185115,1
3.228651,3.817829,2
1.829496,-4.653273,2
0.451265,-0.720887,0
-0.141636,4.997994,2
2.288165,4.445706,2
-3.907755,-3.119207,2
0.110167,-4.998786,2
4.114231,-2.841320,2
-1.148152,2.945052,0
1.291561,4.830307,2
-2.032725,4.568154,2
-0.714736,-1.466126,1
2.825547,-2.831203,0
-2.481804,4.340582,2
3.927315,-3.094543,2
3.711469,1.154348,0
-0.293933,2.536204,0
-4.452887,2.274159,2
-2.536260,4.308989,2
4.149681,2.789292,2
0.964139,1.417154,1
-0.186285,2.055737,0
-0.885224,3.816346,0
-0.119227,1.662035,0
-0.488678,0.775754,1
2.645184,-2.857213,0
1.881037,0.869158,0
0.406608,-0.767640,1
3.037202,-0.446012,1
-3.798836,-1.115505,1
-3.485098,-3.585260,2
2.776215,-4.158441,2
-3.787168,-3.264560,2
0.857340,0.449462,0
0.335607,0.623260,0
3.134166,-1.173961,1
1.431298,0.975512,1
0.643172,-1.291326,1
-1.506648,-2.033096,0
-0.972739,3.862967,0
0.369430,-0.598445,0
-2.039511,2.517236,1
2.506263,-2.811137,0
-0.265886,0.002948,0
-0.667547,1.349842,0
4.692453,-1.726524,2
2.730242,0.347140,0
2.632571,-0.319564,1
0.612297,-4.962368,2
-0.429439,-0.815178,1
2.445747,1.950707,1
1.108220,4.875638,2
0.985067,-3.865607,1
-1.071560,3.846485,0
-3.661178,-3.405257,2
3.707623,-1.155520,1
3.131492,3.897917,2
0.709476,1.086091,1
-1.321946,-4.822080,2
-1.015940,-4.895699,2
-2.643958,4.243758,2
3.119099,0.476121,0
-0.496911,0.959096,0
-4.681490,-1.756032,2
-1.038641,2.436244,0
-2.203794,-4.488128,2
-3.690414,0.766987,0
1.168083,-3.083965,1
-2.533784,-2.822528,0
3.056019,1.164491,0
4.872126,1.123562,2
3.362071,0.577937,0
1.036139,-3.863468,1
-4.892476,1.031346,2
2.288165,-4.445706,2
-3.007259,-3.994545,2
-1.498269,1.029956,1
0.134854,-0.239891,1
-0.954217,-4.908103,2
2.026898,0.180775,0
-3.856640,-1.054322,1
0.502494,0.306853,1
0.741102,3.654465,0
-1.183924,3.552217,0
-3.823726,0.894998,0
-0.900882,1.974713,0
-4.938195,0.783727,2
-2.697183,-4.210131,2
0.737967,-3.649917,1
2.966005,1.151480,0
-3.864310,1.032905,0
4.078130,2.892898,2
-1.437154,0.703136,0
-1.442949,4.787264,2
-4.201620,2.710422,2
0.209004,-0.348236,0
0.250102,-2.357102,1
-3.252623,-3.797426,2
-1.800164,4.664698,2
-1.157169,3.702025,0
0.696238,-1.420050,1
2.168696,1.642709,1
-1.177247,3.607218,0
-1.008373,2.324847,0
2.864544,2.693066,1
-1.160624,-3.027660,1
0.173120,-1.985947,1
3.749896,1.140636,0
3.831178,-1.089694,1
3.559852,-1.183165,1
-0.389097,0.215115,0
-0.768178,-4.940638,2
-2.052031,-1.525191,0
-0.739923,1.127147,1
3.866422,-1.021734,1
-1.321946,4.822080,2
0.845069,-0.443657,1
0.175334,1.997901,0
3.370530,-3.693173,2
1.230639,-4.846187,2
0.901868,3.828610,0
-3.692314,-1.159882,1
2.394863,0.258953,0
-2.704657,-2.865369,0
0.669966,-3.540984,1
-0.354146,2.754134,0
